transaction_id,amount,location,time,is_fraud
1,239.36793898692366,NY,2023-01-01 00:00:00,1
2,149.44647302155875,TX,2023-01-01 01:00:00,1
3,138.22835843709535,FL,2023-01-01 02:00:00,0
4,138.23022943318006,CA,2023-01-01 03:00:00,1
5,464.9714412230651,TX,2023-01-01 04:00:00,0
6,286.6706230964222,FL,2023-01-01 05:00:00,0
7,113.1078001740899,NY,2023-01-01 06:00:00,0
8,246.98144734312132,FL,2023-01-01 07:00:00,0
9,199.8960264064647,FL,2023-01-01 08:00:00,0
10,21.59149434905854,NY,2023-01-01 09:00:00,0
11,67.12422826877062,NY,2023-01-01 10:00:00,1
12,210.61656373481634,NY,2023-01-01 11:00:00,0
13,436.51768674835284,CA,2023-01-01 12:00:00,0
14,139.1852184959146,NY,2023-01-01 13:00:00,0
15,105.80274390543036,CA,2023-01-01 14:00:00,0
16,181.40075414721656,NY,2023-01-01 15:00:00,1
17,100.52844807180976,CA,2023-01-01 16:00:00,0
18,131.77413811391884,FL,2023-01-01 17:00:00,1
19,164.93024789402645,TX,2023-01-01 18:00:00,0
20,64.01373048438835,FL,2023-01-01 19:00:00,0
21,297.00600942131393,FL,2023-01-01 20:00:00,0
22,53.51814462790401,NY,2023-01-01 21:00:00,0
23,47.27934438346734,CA,2023-01-01 22:00:00,0
24,193.39504178881347,TX,2023-01-01 23:00:00,0
25,281.33538079790503,NY,2023-01-02 00:00:00,0
26,189.78355743570705,NY,2023-01-02 01:00:00,0
27,152.1779177084601,NY,2023-01-02 02:00:00,0
28,130.73814349834743,FL,2023-01-02 03:00:00,0
29,113.99098306866505,CA,2023-01-02 04:00:00,0
30,343.7799300519449,CA,2023-01-02 05:00:00,0
31,212.10439393899222,TX,2023-01-02 06:00:00,0
32,121.73188136586542,CA,2023-01-02 07:00:00,0
33,93.66065293115572,CA,2023-01-02 08:00:00,0
34,258.7618956707874,NY,2023-01-02 09:00:00,0
35,338.34416734022176,NY,2023-01-02 10:00:00,0
36,318.1209781802889,FL,2023-01-02 11:00:00,0
37,80.1047048211347,NY,2023-01-02 12:00:00,0
38,129.84978012876243,NY,2023-01-02 13:00:00,0
39,112.14349675200985,NY,2023-01-02 14:00:00,0
40,143.82881157859885,NY,2023-01-02 15:00:00,0
41,295.10885233632564,FL,2023-01-02 16:00:00,0
42,410.22624572072107,NY,2023-01-02 17:00:00,0
43,217.84871403084986,TX,2023-01-02 18:00:00,0
44,96.48446230922173,TX,2023-01-02 19:00:00,0
45,162.0841964888904,TX,2023-01-02 20:00:00,0
46,461.25395350735846,TX,2023-01-02 21:00:00,0
47,178.1588601553853,NY,2023-01-02 22:00:00,0
48,130.96847025755773,TX,2023-01-02 23:00:00,0
49,139.88526118012786,NY,2023-01-03 00:00:00,1
50,217.1513364048012,FL,2023-01-03 01:00:00,0
51,82.56317345052628,TX,2023-01-03 02:00:00,0
52,109.91971181233626,CA,2023-01-03 03:00:00,0
53,314.97723935742505,TX,2023-01-03 04:00:00,0
54,212.8127615323064,TX,2023-01-03 05:00:00,0
55,179.516084047888,NY,2023-01-03 06:00:00,0
56,325.60135646790343,TX,2023-01-03 07:00:00,1
57,91.46857837815253,CA,2023-01-03 08:00:00,0
58,127.84349172309804,NY,2023-01-03 09:00:00,0
59,207.8930304781394,NY,2023-01-03 10:00:00,0
60,202.6914590597363,FL,2023-01-03 11:00:00,0
61,42.58455742984131,FL,2023-01-03 12:00:00,0
62,118.04614136051148,TX,2023-01-03 13:00:00,0
63,146.69983703616063,FL,2023-01-03 14:00:00,0
64,224.4605542031768,FL,2023-01-03 15:00:00,0
65,202.17636415175994,FL,2023-01-03 16:00:00,0
66,157.23929640013088,NY,2023-01-03 17:00:00,0
67,21.410508190600062,NY,2023-01-03 18:00:00,0
68,163.26711944514605,NY,2023-01-03 19:00:00,0
69,174.56390277852233,FL,2023-01-03 20:00:00,0
70,729.799778878287,NY,2023-01-03 21:00:00,0
71,143.04597726306332,FL,2023-01-03 22:00:00,0
72,208.70595224639973,NY,2023-01-03 23:00:00,0
73,362.0212758880965,NY,2023-01-04 00:00:00,0
74,283.80726964723607,CA,2023-01-04 01:00:00,0
75,421.2804580611479,TX,2023-01-04 02:00:00,1
76,43.291221940768644,FL,2023-01-04 03:00:00,0
77,68.70618941603256,CA,2023-01-04 04:00:00,0
78,103.72670444422269,NY,2023-01-04 05:00:00,0
79,35.93171948522547,FL,2023-01-04 06:00:00,0
80,175.67572936081476,NY,2023-01-04 07:00:00,0
81,73.9177710570517,TX,2023-01-04 08:00:00,0
82,457.52087466820905,CA,2023-01-04 09:00:00,0
83,84.62008804452891,TX,2023-01-04 10:00:00,0
84,128.45032178696397,CA,2023-01-04 11:00:00,0
85,295.2962159704253,NY,2023-01-04 12:00:00,0
86,52.91380569674935,TX,2023-01-04 13:00:00,0
87,33.358316490999115,TX,2023-01-04 14:00:00,0
88,191.65717437776124,NY,2023-01-04 15:00:00,0
89,202.5190485749753,TX,2023-01-04 16:00:00,0
90,289.3454639823831,FL,2023-01-04 17:00:00,0
91,243.53772200277479,CA,2023-01-04 18:00:00,0
92,208.02236705702893,CA,2023-01-04 19:00:00,0
93,93.38814169542263,CA,2023-01-04 20:00:00,0
94,198.48449116369443,FL,2023-01-04 21:00:00,0
95,207.43742601607025,CA,2023-01-04 22:00:00,0
96,90.40842928085176,NY,2023-01-04 23:00:00,0
97,542.2075519778427,TX,2023-01-05 00:00:00,0
98,235.62735707681094,FL,2023-01-05 01:00:00,0
99,69.84617454703965,CA,2023-01-05 02:00:00,0
100,290.3277905202262,NY,2023-01-05 03:00:00,0
101,324.5395140403899,TX,2023-01-05 04:00:00,0
102,225.83783487614159,TX,2023-01-05 05:00:00,0
103,136.951983813893,FL,2023-01-05 06:00:00,0
104,87.06853460462098,FL,2023-01-05 07:00:00,0
105,156.9097196352098,FL,2023-01-05 08:00:00,0
106,214.7025945722302,NY,2023-01-05 09:00:00,0
107,168.3508449691649,NY,2023-01-05 10:00:00,0
108,433.55272169876156,FL,2023-01-05 11:00:00,0
109,261.19128358470556,CA,2023-01-05 12:00:00,0
110,78.69200543779318,TX,2023-01-05 13:00:00,0
111,63.11876548292238,TX,2023-01-05 14:00:00,0
112,237.03511150172915,NY,2023-01-05 15:00:00,0
113,139.45025259693506,TX,2023-01-05 16:00:00,0
114,276.881214618936,CA,2023-01-05 17:00:00,0
115,235.5305628586492,TX,2023-01-05 18:00:00,0
116,157.44018794262604,NY,2023-01-05 19:00:00,0
117,79.50606810600569,NY,2023-01-05 20:00:00,0
118,37.61997246865219,CA,2023-01-05 21:00:00,0
119,195.86207416977896,CA,2023-01-05 22:00:00,1
120,52.02515336190322,TX,2023-01-05 23:00:00,0
121,76.62041294056972,TX,2023-01-06 00:00:00,0
122,187.3106279986648,NY,2023-01-06 01:00:00,0
123,174.2948875519292,CA,2023-01-06 02:00:00,0
124,58.3721956473482,CA,2023-01-06 03:00:00,0
125,349.2326563523553,CA,2023-01-06 04:00:00,0
126,343.0858430448409,TX,2023-01-06 05:00:00,1
127,242.39142083758645,CA,2023-01-06 06:00:00,0
128,242.18444540979806,NY,2023-01-06 07:00:00,0
129,242.39347891307315,NY,2023-01-06 08:00:00,0
130,322.65599468570633,TX,2023-01-06 09:00:00,0
131,265.69753608282485,FL,2023-01-06 10:00:00,0
132,85.47978107475362,TX,2023-01-06 11:00:00,0
133,137.924848070432,FL,2023-01-06 12:00:00,0
134,679.6532198224487,CA,2023-01-06 13:00:00,0
135,23.14843190712702,TX,2023-01-06 14:00:00,0
136,112.86297094694572,NY,2023-01-06 15:00:00,0
137,350.4812556028296,CA,2023-01-06 16:00:00,0
138,90.32668262358366,NY,2023-01-06 17:00:00,0
139,270.6979288349223,CA,2023-01-06 18:00:00,0
140,172.61946383968552,TX,2023-01-06 19:00:00,1
141,95.90449170296422,FL,2023-01-06 20:00:00,0
142,18.101121712115862,CA,2023-01-06 21:00:00,0
143,191.9152519935468,FL,2023-01-06 22:00:00,0
144,83.86093214828443,CA,2023-01-06 23:00:00,0
145,152.28873752748075,NY,2023-01-07 00:00:00,0
146,240.7300969925776,NY,2023-01-07 01:00:00,0
147,305.2812298347078,CA,2023-01-07 02:00:00,0
148,112.56323557740238,FL,2023-01-07 03:00:00,0
149,95.75016153241677,TX,2023-01-07 04:00:00,0
150,51.13060779282967,TX,2023-01-07 05:00:00,0
151,315.46290723964165,NY,2023-01-07 06:00:00,1
152,618.1725975508609,TX,2023-01-07 07:00:00,0
153,338.64763831996675,NY,2023-01-07 08:00:00,0
154,389.5601052642701,TX,2023-01-07 09:00:00,0
155,90.98340955223158,CA,2023-01-07 10:00:00,0
156,230.7801665055673,NY,2023-01-07 11:00:00,0
157,288.00694989607774,NY,2023-01-07 12:00:00,0
158,66.31385974313213,CA,2023-01-07 13:00:00,0
159,478.7152146265962,NY,2023-01-07 14:00:00,0
160,41.82134336009833,TX,2023-01-07 15:00:00,0
161,430.56570158957845,TX,2023-01-07 16:00:00,0
162,41.52821276969208,NY,2023-01-07 17:00:00,0
163,69.3537659944775,TX,2023-01-07 18:00:00,0
164,233.72504931363375,FL,2023-01-07 19:00:00,0
165,175.84146382719462,NY,2023-01-07 20:00:00,0
166,121.7076633177011,CA,2023-01-07 21:00:00,0
167,466.714380538984,FL,2023-01-07 22:00:00,0
168,52.49726881020579,NY,2023-01-07 23:00:00,0
169,147.82922005596598,CA,2023-01-08 00:00:00,0
170,254.73950904989047,TX,2023-01-08 01:00:00,0
171,205.63809102050317,CA,2023-01-08 02:00:00,0
172,98.50895712019594,FL,2023-01-08 03:00:00,0
173,101.57105839654368,TX,2023-01-08 04:00:00,0
174,302.1699922258773,NY,2023-01-08 05:00:00,0
175,311.869131886577,TX,2023-01-08 06:00:00,0
176,209.56988328288566,NY,2023-01-08 07:00:00,1
177,80.9171937165523,NY,2023-01-08 08:00:00,0
178,104.30338919116889,CA,2023-01-08 09:00:00,0
179,163.98281884635279,CA,2023-01-08 10:00:00,0
180,182.27705739182224,CA,2023-01-08 11:00:00,0
181,247.74361184780886,FL,2023-01-08 12:00:00,0
182,141.90272226431796,FL,2023-01-08 13:00:00,0
183,297.5512232502221,CA,2023-01-08 14:00:00,0
184,295.2947828674513,FL,2023-01-08 15:00:00,0
185,398.39536830785244,TX,2023-01-08 16:00:00,0
186,169.39298292369577,TX,2023-01-08 17:00:00,0
187,212.1168842026639,FL,2023-01-08 18:00:00,0
188,150.42352066140984,FL,2023-01-08 19:00:00,0
189,81.7794682516999,TX,2023-01-08 20:00:00,0
190,609.009621983513,NY,2023-01-08 21:00:00,0
191,365.341672800904,TX,2023-01-08 22:00:00,0
192,291.18429284518834,TX,2023-01-08 23:00:00,1
193,165.09060926921902,FL,2023-01-09 00:00:00,0
194,75.59481042109604,TX,2023-01-09 01:00:00,0
195,326.9093909553203,FL,2023-01-09 02:00:00,0
196,148.3933790702838,FL,2023-01-09 03:00:00,0
197,225.86163177223148,CA,2023-01-09 04:00:00,0
198,103.96904520564732,TX,2023-01-09 05:00:00,1
199,200.33417516449865,NY,2023-01-09 06:00:00,0
200,109.41320626202452,CA,2023-01-09 07:00:00,0
201,112.95195197667027,FL,2023-01-09 08:00:00,0
202,198.45493782501765,FL,2023-01-09 09:00:00,0
203,40.90654750939086,NY,2023-01-09 10:00:00,0
204,42.99690786081206,FL,2023-01-09 11:00:00,0
205,90.05744379029214,TX,2023-01-09 12:00:00,0
206,140.6015154551059,CA,2023-01-09 13:00:00,0
207,303.7192912886287,FL,2023-01-09 14:00:00,0
208,146.85963163350033,FL,2023-01-09 15:00:00,0
209,164.28803742395084,NY,2023-01-09 16:00:00,0
210,132.1094543381419,TX,2023-01-09 17:00:00,0
211,211.89745297386517,FL,2023-01-09 18:00:00,0
212,81.05795587267247,NY,2023-01-09 19:00:00,0
213,153.01639340010829,FL,2023-01-09 20:00:00,0
214,224.0924792572578,NY,2023-01-09 21:00:00,0
215,197.30308082326036,NY,2023-01-09 22:00:00,0
216,168.29762996425828,TX,2023-01-09 23:00:00,0
217,169.85098375463164,FL,2023-01-10 00:00:00,0
218,239.57903268117727,TX,2023-01-10 01:00:00,0
219,627.8199196878948,NY,2023-01-10 02:00:00,0
220,85.93368333521688,CA,2023-01-10 03:00:00,0
221,639.3352326785056,FL,2023-01-10 04:00:00,0
222,82.5789611329286,CA,2023-01-10 05:00:00,0
223,15.351349527898106,FL,2023-01-10 06:00:00,0
224,107.58900094531585,TX,2023-01-10 07:00:00,0
225,214.79492608353507,TX,2023-01-10 08:00:00,0
226,545.1596815980205,TX,2023-01-10 09:00:00,0
227,75.50641683521486,TX,2023-01-10 10:00:00,0
228,238.58080956027848,TX,2023-01-10 11:00:00,0
229,47.72399446499392,CA,2023-01-10 12:00:00,0
230,532.538968830021,TX,2023-01-10 13:00:00,0
231,370.00798110105524,NY,2023-01-10 14:00:00,0
232,113.13758598568107,NY,2023-01-10 15:00:00,0
233,409.66927910783164,CA,2023-01-10 16:00:00,0
234,152.31263773112067,FL,2023-01-10 17:00:00,0
235,382.9820612669674,NY,2023-01-10 18:00:00,0
236,167.344542349235,FL,2023-01-10 19:00:00,0
237,172.80570526777944,CA,2023-01-10 20:00:00,0
238,115.05388793024278,FL,2023-01-10 21:00:00,0
239,260.7008541476563,FL,2023-01-10 22:00:00,0
240,182.68412805663098,FL,2023-01-10 23:00:00,0
241,242.2925944821232,FL,2023-01-11 00:00:00,0
242,36.70537384929725,CA,2023-01-11 01:00:00,0
243,392.0130740594516,NY,2023-01-11 02:00:00,0
244,457.82911593116245,TX,2023-01-11 03:00:00,0
245,182.05065888311682,FL,2023-01-11 04:00:00,0
246,599.3706641904892,NY,2023-01-11 05:00:00,0
247,511.5041656411146,NY,2023-01-11 06:00:00,0
248,264.6391841532996,CA,2023-01-11 07:00:00,0
249,413.1494632036259,NY,2023-01-11 08:00:00,0
250,344.0524248256498,CA,2023-01-11 09:00:00,1
251,27.112970090369302,FL,2023-01-11 10:00:00,0
252,134.24963189459464,FL,2023-01-11 11:00:00,0
253,277.52307735597367,TX,2023-01-11 12:00:00,0
254,477.7257298378545,TX,2023-01-11 13:00:00,1
255,44.444391831435254,TX,2023-01-11 14:00:00,0
256,29.298907198157803,NY,2023-01-11 15:00:00,0
257,159.5978494256897,FL,2023-01-11 16:00:00,0
258,16.8862845395904,CA,2023-01-11 17:00:00,0
259,155.42403442300184,TX,2023-01-11 18:00:00,0
260,218.6154516970936,CA,2023-01-11 19:00:00,0
261,72.39257955229913,CA,2023-01-11 20:00:00,0
262,158.7050791969167,TX,2023-01-11 21:00:00,0
263,322.8847676216387,FL,2023-01-11 22:00:00,0
264,107.15540770010854,TX,2023-01-11 23:00:00,0
265,83.83217977007256,CA,2023-01-12 00:00:00,0
266,153.2274390540714,TX,2023-01-12 01:00:00,0
267,65.5586703739459,CA,2023-01-12 02:00:00,0
268,570.7409999532163,CA,2023-01-12 03:00:00,1
269,171.26074805646155,TX,2023-01-12 04:00:00,0
270,91.67015072834019,NY,2023-01-12 05:00:00,0
271,195.84570915616604,TX,2023-01-12 06:00:00,0
272,152.58169808050127,NY,2023-01-12 07:00:00,1
273,139.73624601945573,CA,2023-01-12 08:00:00,0
274,107.1319894697615,CA,2023-01-12 09:00:00,0
275,102.833340991524,NY,2023-01-12 10:00:00,0
276,37.60351887421551,CA,2023-01-12 11:00:00,0
277,412.7340682772812,NY,2023-01-12 12:00:00,0
278,252.73029103515654,NY,2023-01-12 13:00:00,0
279,210.164615667898,CA,2023-01-12 14:00:00,0
280,150.69200210010476,FL,2023-01-12 15:00:00,1
281,71.2391875660872,NY,2023-01-12 16:00:00,0
282,86.8497731981751,TX,2023-01-12 17:00:00,0
283,42.2277623928349,TX,2023-01-12 18:00:00,0
284,96.35421393946335,CA,2023-01-12 19:00:00,0
285,62.40143537190992,FL,2023-01-12 20:00:00,0
286,493.1346537425508,CA,2023-01-12 21:00:00,0
287,308.36150025857717,FL,2023-01-12 22:00:00,0
288,176.85572935684723,NY,2023-01-12 23:00:00,0
289,78.36941735157662,NY,2023-01-13 00:00:00,0
290,65.41988835108519,NY,2023-01-13 01:00:00,0
291,143.281893028246,NY,2023-01-13 02:00:00,0
292,317.10843276503704,TX,2023-01-13 03:00:00,0
293,43.464019499648316,TX,2023-01-13 04:00:00,0
294,250.4220385976046,CA,2023-01-13 05:00:00,0
295,95.99005983168513,FL,2023-01-13 06:00:00,0
296,111.35713970662107,NY,2023-01-13 07:00:00,0
297,173.00958790930991,NY,2023-01-13 08:00:00,0
298,80.76137834193838,FL,2023-01-13 09:00:00,0
299,137.68267196458797,FL,2023-01-13 10:00:00,0
300,74.81184392422972,CA,2023-01-13 11:00:00,0
301,102.74419068533743,FL,2023-01-13 12:00:00,0
302,284.4443802391387,NY,2023-01-13 13:00:00,0
303,179.82212084571944,NY,2023-01-13 14:00:00,0
304,283.7067825903314,NY,2023-01-13 15:00:00,1
305,94.92331580322274,NY,2023-01-13 16:00:00,0
306,251.71637104867068,NY,2023-01-13 17:00:00,0
307,32.480054748687834,CA,2023-01-13 18:00:00,0
308,172.95179761951763,NY,2023-01-13 19:00:00,0
309,263.4490505847476,CA,2023-01-13 20:00:00,1
310,31.02780554923627,NY,2023-01-13 21:00:00,0
311,95.88343664020903,TX,2023-01-13 22:00:00,0
312,172.86100212218142,TX,2023-01-13 23:00:00,0
313,333.25606160959705,TX,2023-01-14 00:00:00,0
314,102.73291936139562,TX,2023-01-14 01:00:00,0
315,244.84714398130504,CA,2023-01-14 02:00:00,0
316,430.63748964738846,CA,2023-01-14 03:00:00,0
317,252.81808391591616,FL,2023-01-14 04:00:00,0
318,141.803852192751,NY,2023-01-14 05:00:00,0
319,219.31970637553607,TX,2023-01-14 06:00:00,0
320,100.22034402965126,CA,2023-01-14 07:00:00,0
321,178.09714910453198,NY,2023-01-14 08:00:00,0
322,147.36584473346787,NY,2023-01-14 09:00:00,0
323,214.1605581040179,CA,2023-01-14 10:00:00,0
324,118.94787965328577,TX,2023-01-14 11:00:00,0
325,222.95270953077235,FL,2023-01-14 12:00:00,0
326,118.01135418175373,NY,2023-01-14 13:00:00,0
327,306.32015727284886,FL,2023-01-14 14:00:00,0
328,128.0208378782068,TX,2023-01-14 15:00:00,0
329,17.722289074051353,TX,2023-01-14 16:00:00,0
330,67.4588471575559,FL,2023-01-14 17:00:00,0
331,169.05579501052713,TX,2023-01-14 18:00:00,0
332,490.2919928760329,NY,2023-01-14 19:00:00,0
333,298.3097851771503,FL,2023-01-14 20:00:00,0
334,13.166968193853057,TX,2023-01-14 21:00:00,0
335,39.3822382107124,FL,2023-01-14 22:00:00,0
336,362.22295066324637,NY,2023-01-14 23:00:00,0
337,262.4324494158063,TX,2023-01-15 00:00:00,0
338,665.2682800591422,NY,2023-01-15 01:00:00,0
339,114.11909472848485,TX,2023-01-15 02:00:00,0
340,79.26586418251173,CA,2023-01-15 03:00:00,0
341,176.07760393940634,TX,2023-01-15 04:00:00,1
342,112.29392444249844,FL,2023-01-15 05:00:00,0
343,339.6997182955537,TX,2023-01-15 06:00:00,0
344,109.11379421312293,NY,2023-01-15 07:00:00,0
345,134.19732202663462,NY,2023-01-15 08:00:00,0
346,69.5514703484422,TX,2023-01-15 09:00:00,0
347,284.7389927444286,FL,2023-01-15 10:00:00,0
348,73.71216087325347,CA,2023-01-15 11:00:00,0
349,225.94123425882094,FL,2023-01-15 12:00:00,0
350,545.3374889568992,CA,2023-01-15 13:00:00,0
351,26.35151456286417,NY,2023-01-15 14:00:00,0
352,444.01616813481183,FL,2023-01-15 15:00:00,0
353,205.48616504144866,CA,2023-01-15 16:00:00,0
354,59.50072545213726,TX,2023-01-15 17:00:00,0
355,181.19213708636795,NY,2023-01-15 18:00:00,0
356,279.0173791969885,TX,2023-01-15 19:00:00,0
357,84.02816405926549,NY,2023-01-15 20:00:00,0
358,235.2430393225642,FL,2023-01-15 21:00:00,0
359,468.5557345045105,FL,2023-01-15 22:00:00,0
360,108.99710165974868,NY,2023-01-15 23:00:00,0
361,68.77282117147695,NY,2023-01-16 00:00:00,0
362,150.9493469856976,NY,2023-01-16 01:00:00,0
363,173.96472720273147,FL,2023-01-16 02:00:00,0
364,351.5929908106794,CA,2023-01-16 03:00:00,0
365,147.08883376690173,TX,2023-01-16 04:00:00,0
366,117.40763744886127,TX,2023-01-16 05:00:00,0
367,67.1754086899621,FL,2023-01-16 06:00:00,0
368,31.309122410342887,TX,2023-01-16 07:00:00,0
369,49.442042280393835,NY,2023-01-16 08:00:00,0
370,49.14873816971529,CA,2023-01-16 09:00:00,0
371,135.34963697573423,TX,2023-01-16 10:00:00,0
372,38.18292143067265,CA,2023-01-16 11:00:00,0
373,159.7550347718999,NY,2023-01-16 12:00:00,0
374,537.4544118730595,TX,2023-01-16 13:00:00,0
375,358.5124038047505,FL,2023-01-16 14:00:00,0
376,134.30754987848775,CA,2023-01-16 15:00:00,0
377,768.5145974047892,NY,2023-01-16 16:00:00,0
378,174.4292234972594,CA,2023-01-16 17:00:00,0
379,193.56951635747077,TX,2023-01-16 18:00:00,0
380,148.71585100765802,TX,2023-01-16 19:00:00,0
381,162.47389608408932,FL,2023-01-16 20:00:00,0
382,105.89411858280843,NY,2023-01-16 21:00:00,0
383,135.86880498677257,NY,2023-01-16 22:00:00,0
384,445.9911451851637,FL,2023-01-16 23:00:00,0
385,384.8439769601088,FL,2023-01-17 00:00:00,0
386,16.719944403160696,NY,2023-01-17 01:00:00,0
387,42.99440081952753,CA,2023-01-17 02:00:00,0
388,85.06756007927946,CA,2023-01-17 03:00:00,0
389,318.99549177549136,FL,2023-01-17 04:00:00,0
390,390.6169738718474,CA,2023-01-17 05:00:00,0
391,278.2727617660398,NY,2023-01-17 06:00:00,0
392,59.26955857498311,TX,2023-01-17 07:00:00,0
393,107.70811003970498,TX,2023-01-17 08:00:00,0
394,238.16379589647445,CA,2023-01-17 09:00:00,0
395,137.5261801936569,FL,2023-01-17 10:00:00,0
396,122.80945810636854,FL,2023-01-17 11:00:00,0
397,124.2744232576045,FL,2023-01-17 12:00:00,0
398,365.6072812896932,FL,2023-01-17 13:00:00,0
399,255.5598937547327,FL,2023-01-17 14:00:00,0
400,129.8132676804551,CA,2023-01-17 15:00:00,0
401,212.41520048334922,TX,2023-01-17 16:00:00,0
402,51.70650810212314,TX,2023-01-17 17:00:00,0
403,107.8816360951011,CA,2023-01-17 18:00:00,0
404,342.08554473974425,FL,2023-01-17 19:00:00,0
405,35.655518270002226,CA,2023-01-17 20:00:00,1
406,257.78230264263095,TX,2023-01-17 21:00:00,0
407,16.48306062751492,NY,2023-01-17 22:00:00,0
408,495.6172151703479,CA,2023-01-17 23:00:00,0
409,105.75160578707626,FL,2023-01-18 00:00:00,0
410,223.68765976161015,TX,2023-01-18 01:00:00,0
411,181.85260043607363,TX,2023-01-18 02:00:00,0
412,186.8333022967259,TX,2023-01-18 03:00:00,0
413,209.64542987244852,TX,2023-01-18 04:00:00,0
414,29.02484785004552,FL,2023-01-18 05:00:00,0
415,189.71277762531545,NY,2023-01-18 06:00:00,0
416,144.02498218988254,TX,2023-01-18 07:00:00,0
417,106.2442000726616,CA,2023-01-18 08:00:00,0
418,85.02732673038051,NY,2023-01-18 09:00:00,0
419,193.25024269838465,TX,2023-01-18 10:00:00,0
420,69.57965825475256,NY,2023-01-18 11:00:00,0
421,337.9626611649347,CA,2023-01-18 12:00:00,0
422,235.42650636550982,TX,2023-01-18 13:00:00,0
423,201.9531526011608,CA,2023-01-18 14:00:00,0
424,328.44338078869015,FL,2023-01-18 15:00:00,0
425,24.074259224539837,TX,2023-01-18 16:00:00,0
426,50.04072411170179,TX,2023-01-18 17:00:00,0
427,242.8264843719183,TX,2023-01-18 18:00:00,0
428,89.43371155512946,TX,2023-01-18 19:00:00,0
429,99.52913850421402,FL,2023-01-18 20:00:00,0
430,43.03891590973045,TX,2023-01-18 21:00:00,0
431,69.76006209916552,NY,2023-01-18 22:00:00,0
432,343.0523650817441,TX,2023-01-18 23:00:00,0
433,238.81024213086928,FL,2023-01-19 00:00:00,0
434,191.68583713721245,TX,2023-01-19 01:00:00,0
435,102.85022243131768,NY,2023-01-19 02:00:00,0
436,182.9194898699561,FL,2023-01-19 03:00:00,0
437,363.41979103966565,FL,2023-01-19 04:00:00,0
438,91.37140205273863,NY,2023-01-19 05:00:00,0
439,162.19035556701022,NY,2023-01-19 06:00:00,0
440,515.730728888145,NY,2023-01-19 07:00:00,0
441,275.75122191504846,NY,2023-01-19 08:00:00,0
442,104.08763935160034,NY,2023-01-19 09:00:00,0
443,260.51998107657283,FL,2023-01-19 10:00:00,0
444,35.03136941285811,FL,2023-01-19 11:00:00,0
445,157.24084705041562,TX,2023-01-19 12:00:00,0
446,260.32217791368197,TX,2023-01-19 13:00:00,0
447,220.72601204826617,CA,2023-01-19 14:00:00,0
448,258.57317064435455,TX,2023-01-19 15:00:00,0
449,299.17017713746867,TX,2023-01-19 16:00:00,0
450,233.25252591627574,NY,2023-01-19 17:00:00,1
451,228.51002282560003,NY,2023-01-19 18:00:00,0
452,194.94253828336198,TX,2023-01-19 19:00:00,0
453,62.43440057313221,CA,2023-01-19 20:00:00,0
454,342.9502364465071,NY,2023-01-19 21:00:00,0
455,161.61209438493302,TX,2023-01-19 22:00:00,0
456,271.0375205117311,TX,2023-01-19 23:00:00,0
457,319.5142839373069,FL,2023-01-20 00:00:00,0
458,108.5280654474075,CA,2023-01-20 01:00:00,0
459,116.6310179724414,FL,2023-01-20 02:00:00,0
460,129.85418009338397,CA,2023-01-20 03:00:00,0
461,387.02923935452645,NY,2023-01-20 04:00:00,0
462,75.79672674911532,CA,2023-01-20 05:00:00,0
463,431.95376437916747,TX,2023-01-20 06:00:00,0
464,193.3513571298666,TX,2023-01-20 07:00:00,0
465,203.57454007119048,CA,2023-01-20 08:00:00,0
466,309.9188933721302,CA,2023-01-20 09:00:00,0
467,177.516770798925,CA,2023-01-20 10:00:00,0
468,345.5313557559907,FL,2023-01-20 11:00:00,0
469,108.40748350404714,CA,2023-01-20 12:00:00,0
470,422.852246719613,NY,2023-01-20 13:00:00,0
471,115.51462229180194,FL,2023-01-20 14:00:00,0
472,433.5161925686192,FL,2023-01-20 15:00:00,0
473,118.09318079873181,CA,2023-01-20 16:00:00,0
474,132.87099283025137,NY,2023-01-20 17:00:00,0
475,67.73794471462334,FL,2023-01-20 18:00:00,0
476,85.89633374148492,TX,2023-01-20 19:00:00,0
477,162.22884862933196,FL,2023-01-20 20:00:00,0
478,198.7690699115133,CA,2023-01-20 21:00:00,0
479,328.7745442784054,NY,2023-01-20 22:00:00,0
480,140.5390882694801,CA,2023-01-20 23:00:00,0
481,221.0705612644474,TX,2023-01-21 00:00:00,0
482,189.0923295628555,TX,2023-01-21 01:00:00,0
483,238.66807098369836,TX,2023-01-21 02:00:00,0
484,97.14774527851088,CA,2023-01-21 03:00:00,0
485,107.08432224190494,FL,2023-01-21 04:00:00,0
486,97.1795354639296,CA,2023-01-21 05:00:00,0
487,372.11592116285686,NY,2023-01-21 06:00:00,0
488,425.5372276481495,FL,2023-01-21 07:00:00,0
489,103.3086292619451,TX,2023-01-21 08:00:00,0
490,105.05686742216669,CA,2023-01-21 09:00:00,0
491,262.45865150561724,TX,2023-01-21 10:00:00,0
492,456.90630867467837,TX,2023-01-21 11:00:00,0
493,522.635962601463,NY,2023-01-21 12:00:00,0
494,99.41283399067821,FL,2023-01-21 13:00:00,0
495,121.45783938440258,NY,2023-01-21 14:00:00,0
496,206.36271609744222,NY,2023-01-21 15:00:00,0
497,213.6808967321293,NY,2023-01-21 16:00:00,0
498,144.85066083877697,TX,2023-01-21 17:00:00,0
499,83.39004635412466,NY,2023-01-21 18:00:00,0
500,162.42646844257337,NY,2023-01-21 19:00:00,0
501,522.2710113177191,FL,2023-01-21 20:00:00,0
502,108.37619710171718,FL,2023-01-21 21:00:00,0
503,197.25908827028482,NY,2023-01-21 22:00:00,0
504,752.0290827719002,FL,2023-01-21 23:00:00,0
505,107.09664439064517,FL,2023-01-22 00:00:00,0
506,271.1072946843989,NY,2023-01-22 01:00:00,0
507,536.8209888806703,TX,2023-01-22 02:00:00,1
508,255.14015274902957,NY,2023-01-22 03:00:00,0
509,354.6836374670661,FL,2023-01-22 04:00:00,0
510,296.6147599080292,TX,2023-01-22 05:00:00,0
511,241.10751682712842,CA,2023-01-22 06:00:00,0
512,416.3564640858656,TX,2023-01-22 07:00:00,0
513,265.22542027154094,FL,2023-01-22 08:00:00,0
514,146.0093736457544,TX,2023-01-22 09:00:00,1
515,186.33387890734076,NY,2023-01-22 10:00:00,0
516,218.9366127693832,CA,2023-01-22 11:00:00,0
517,120.86943791068047,CA,2023-01-22 12:00:00,0
518,192.5747664735923,CA,2023-01-22 13:00:00,0
519,172.73376495986835,FL,2023-01-22 14:00:00,0
520,264.6582018950599,FL,2023-01-22 15:00:00,0
521,630.973240331033,CA,2023-01-22 16:00:00,0
522,200.9795313383433,TX,2023-01-22 17:00:00,0
523,464.5214189680339,CA,2023-01-22 18:00:00,0
524,258.1081746834735,TX,2023-01-22 19:00:00,0
525,191.9372091408843,TX,2023-01-22 20:00:00,0
526,115.4205074035134,FL,2023-01-22 21:00:00,0
527,193.00025045010204,TX,2023-01-22 22:00:00,0
528,184.42908706809692,CA,2023-01-22 23:00:00,0
529,91.63589571179122,FL,2023-01-23 00:00:00,0
530,104.42237125417573,NY,2023-01-23 01:00:00,0
531,220.26145157520097,NY,2023-01-23 02:00:00,0
532,461.4780263259032,FL,2023-01-23 03:00:00,0
533,158.32163222647148,CA,2023-01-23 04:00:00,0
534,40.910112505454606,NY,2023-01-23 05:00:00,0
535,66.53443195744752,NY,2023-01-23 06:00:00,0
536,275.86040758204365,TX,2023-01-23 07:00:00,0
537,49.998627726338086,TX,2023-01-23 08:00:00,0
538,306.5783667357428,CA,2023-01-23 09:00:00,0
539,265.4879271845947,FL,2023-01-23 10:00:00,0
540,154.18818091061283,CA,2023-01-23 11:00:00,0
541,92.34931956712785,FL,2023-01-23 12:00:00,0
542,137.4227780911875,NY,2023-01-23 13:00:00,0
543,216.3734391911797,TX,2023-01-23 14:00:00,0
544,51.681317461009044,CA,2023-01-23 15:00:00,0
545,431.1715310485566,CA,2023-01-23 16:00:00,0
546,214.94316569904584,FL,2023-01-23 17:00:00,0
547,232.8607441652156,FL,2023-01-23 18:00:00,0
548,264.17326785479304,CA,2023-01-23 19:00:00,0
549,403.8842666424575,FL,2023-01-23 20:00:00,0
550,193.34656700247177,CA,2023-01-23 21:00:00,0
551,275.97735536568797,CA,2023-01-23 22:00:00,0
552,93.70722910833351,CA,2023-01-23 23:00:00,0
553,524.0374844181042,NY,2023-01-24 00:00:00,0
554,183.7579314273596,FL,2023-01-24 01:00:00,0
555,93.2980627392963,TX,2023-01-24 02:00:00,0
556,115.44579070655354,TX,2023-01-24 03:00:00,0
557,22.385705248707392,FL,2023-01-24 04:00:00,0
558,114.82807225678575,CA,2023-01-24 05:00:00,0
559,8.729925638013091,TX,2023-01-24 06:00:00,0
560,290.0877893006185,TX,2023-01-24 07:00:00,0
561,227.84774945370447,FL,2023-01-24 08:00:00,0
562,70.40474346166971,TX,2023-01-24 09:00:00,0
563,160.58272460596962,CA,2023-01-24 10:00:00,0
564,166.20201334540184,FL,2023-01-24 11:00:00,0
565,57.39028081446755,CA,2023-01-24 12:00:00,0
566,139.7368688280975,TX,2023-01-24 13:00:00,0
567,170.1617642552844,TX,2023-01-24 14:00:00,0
568,136.74943413116128,CA,2023-01-24 15:00:00,0
569,93.216309608042,NY,2023-01-24 16:00:00,0
570,67.91665891135925,TX,2023-01-24 17:00:00,0
571,132.94696445721874,NY,2023-01-24 18:00:00,0
572,103.26802462662097,TX,2023-01-24 19:00:00,0
573,252.05370478018247,NY,2023-01-24 20:00:00,0
574,420.4571937703785,NY,2023-01-24 21:00:00,0
575,316.80249489930895,NY,2023-01-24 22:00:00,0
576,174.4840486500362,CA,2023-01-24 23:00:00,0
577,96.32161543913746,NY,2023-01-25 00:00:00,0
578,311.0060576177477,NY,2023-01-25 01:00:00,0
579,262.85026704649107,NY,2023-01-25 02:00:00,0
580,401.15173563408473,TX,2023-01-25 03:00:00,0
581,193.5003205838232,NY,2023-01-25 04:00:00,0
582,506.2393555572168,TX,2023-01-25 05:00:00,0
583,193.5447008082443,NY,2023-01-25 06:00:00,0
584,95.92077843233479,NY,2023-01-25 07:00:00,0
585,111.67708129511864,CA,2023-01-25 08:00:00,0
586,243.68635806655772,TX,2023-01-25 09:00:00,0
587,103.03166165846488,NY,2023-01-25 10:00:00,0
588,503.96274685686075,TX,2023-01-25 11:00:00,0
589,229.580062788638,TX,2023-01-25 12:00:00,0
590,171.62119421076736,FL,2023-01-25 13:00:00,0
591,182.64785626208,CA,2023-01-25 14:00:00,0
592,135.59867559056147,CA,2023-01-25 15:00:00,0
593,30.731420703545375,CA,2023-01-25 16:00:00,0
594,111.74623237260039,FL,2023-01-25 17:00:00,0
595,463.6356657698427,FL,2023-01-25 18:00:00,0
596,197.35499916874105,CA,2023-01-25 19:00:00,0
597,341.68726369265954,FL,2023-01-25 20:00:00,0
598,348.30957304750876,FL,2023-01-25 21:00:00,0
599,161.74451088013063,FL,2023-01-25 22:00:00,0
600,265.86170153489184,CA,2023-01-25 23:00:00,0
601,34.75065093671449,CA,2023-01-26 00:00:00,0
602,439.19481850126203,CA,2023-01-26 01:00:00,0
603,415.86521079753925,FL,2023-01-26 02:00:00,0
604,238.92713429439408,CA,2023-01-26 03:00:00,0
605,202.63534859406343,FL,2023-01-26 04:00:00,0
606,163.38936943238596,NY,2023-01-26 05:00:00,0
607,368.53550108468335,FL,2023-01-26 06:00:00,0
608,287.4615960790161,TX,2023-01-26 07:00:00,1
609,124.11793205236062,CA,2023-01-26 08:00:00,0
610,59.879591747903916,CA,2023-01-26 09:00:00,0
611,49.17146549287276,TX,2023-01-26 10:00:00,0
612,365.9336547082129,FL,2023-01-26 11:00:00,0
613,160.6823343229997,NY,2023-01-26 12:00:00,0
614,236.1494139580177,TX,2023-01-26 13:00:00,0
615,176.78235092404393,TX,2023-01-26 14:00:00,1
616,49.84328842022304,FL,2023-01-26 15:00:00,0
617,35.65770141306972,CA,2023-01-26 16:00:00,0
618,117.28154731747642,FL,2023-01-26 17:00:00,0
619,125.5862258781274,TX,2023-01-26 18:00:00,0
620,125.521500259383,TX,2023-01-26 19:00:00,1
621,128.4966079178995,CA,2023-01-26 20:00:00,0
622,604.232283739688,CA,2023-01-26 21:00:00,0
623,338.19597623538067,CA,2023-01-26 22:00:00,0
624,199.4339520626813,FL,2023-01-26 23:00:00,0
625,157.59282205878867,CA,2023-01-27 00:00:00,0
626,161.9073318078599,TX,2023-01-27 01:00:00,0
627,280.27033758895675,TX,2023-01-27 02:00:00,0
628,156.4618645023267,NY,2023-01-27 03:00:00,0
629,315.159922484133,FL,2023-01-27 04:00:00,0
630,215.51928321769606,NY,2023-01-27 05:00:00,0
631,607.7815083874699,TX,2023-01-27 06:00:00,0
632,149.28742879696486,NY,2023-01-27 07:00:00,0
633,354.57241784813306,TX,2023-01-27 08:00:00,0
634,65.23597968039951,NY,2023-01-27 09:00:00,0
635,98.41175190526835,CA,2023-01-27 10:00:00,0
636,556.0010576146702,NY,2023-01-27 11:00:00,0
637,306.11546130678045,CA,2023-01-27 12:00:00,0
638,239.19833952029887,CA,2023-01-27 13:00:00,0
639,709.3220824503251,FL,2023-01-27 14:00:00,0
640,159.33822735996745,CA,2023-01-27 15:00:00,0
641,354.00534864150876,CA,2023-01-27 16:00:00,0
642,371.678060913088,NY,2023-01-27 17:00:00,0
643,478.98140227713475,TX,2023-01-27 18:00:00,0
644,58.1559678315259,FL,2023-01-27 19:00:00,1
645,158.52280903010094,CA,2023-01-27 20:00:00,0
646,212.81447862869126,FL,2023-01-27 21:00:00,0
647,473.8536456383721,NY,2023-01-27 22:00:00,0
648,232.3417732568858,CA,2023-01-27 23:00:00,0
649,372.2160436944249,NY,2023-01-28 00:00:00,0
650,53.10970112563101,FL,2023-01-28 01:00:00,0
651,131.1272638680523,NY,2023-01-28 02:00:00,0
652,414.8247592778232,FL,2023-01-28 03:00:00,0
653,145.30677936741864,NY,2023-01-28 04:00:00,0
654,168.68601413283412,FL,2023-01-28 05:00:00,0
655,468.89486228942286,TX,2023-01-28 06:00:00,0
656,79.49285655736634,NY,2023-01-28 07:00:00,1
657,97.03772566074672,NY,2023-01-28 08:00:00,1
658,47.56396092250043,TX,2023-01-28 09:00:00,0
659,481.2248640591098,TX,2023-01-28 10:00:00,0
660,333.9787115743169,NY,2023-01-28 11:00:00,0
661,328.255611555946,TX,2023-01-28 12:00:00,0
662,128.1499663545784,CA,2023-01-28 13:00:00,0
663,43.939751771196214,FL,2023-01-28 14:00:00,0
664,31.711331748392947,FL,2023-01-28 15:00:00,0
665,416.8590916477112,FL,2023-01-28 16:00:00,0
666,250.5812495287139,CA,2023-01-28 17:00:00,0
667,285.09706239571824,TX,2023-01-28 18:00:00,0
668,205.66772889678737,TX,2023-01-28 19:00:00,0
669,87.04940774832724,NY,2023-01-28 20:00:00,0
670,132.9941858205381,TX,2023-01-28 21:00:00,0
671,68.84538232426672,NY,2023-01-28 22:00:00,0
672,60.9349017933731,CA,2023-01-28 23:00:00,0
673,315.5527295799142,FL,2023-01-29 00:00:00,0
674,35.01878004241496,FL,2023-01-29 01:00:00,0
675,69.28336264252287,FL,2023-01-29 02:00:00,0
676,139.3161347207582,TX,2023-01-29 03:00:00,0
677,180.64407609842513,NY,2023-01-29 04:00:00,0
678,46.95462051355528,NY,2023-01-29 05:00:00,0
679,230.24415157399787,CA,2023-01-29 06:00:00,0
680,197.27731584153744,TX,2023-01-29 07:00:00,0
681,412.0883870333258,CA,2023-01-29 08:00:00,0
682,182.95901003970948,NY,2023-01-29 09:00:00,0
683,247.10530470119872,NY,2023-01-29 10:00:00,0
684,91.47389243520023,FL,2023-01-29 11:00:00,0
685,94.89873300321952,TX,2023-01-29 12:00:00,0
686,52.13665242527456,NY,2023-01-29 13:00:00,0
687,92.26250437245763,FL,2023-01-29 14:00:00,0
688,131.41505750044465,TX,2023-01-29 15:00:00,0
689,385.2177833026465,CA,2023-01-29 16:00:00,1
690,80.41168821276496,TX,2023-01-29 17:00:00,0
691,625.3124725445366,TX,2023-01-29 18:00:00,0
692,262.60634785546387,NY,2023-01-29 19:00:00,0
693,225.9988302376975,NY,2023-01-29 20:00:00,0
694,172.3869261353149,TX,2023-01-29 21:00:00,0
695,148.3999960525931,NY,2023-01-29 22:00:00,0
696,104.55760858160188,NY,2023-01-29 23:00:00,0
697,44.997490349248345,NY,2023-01-30 00:00:00,0
698,82.95328813709408,FL,2023-01-30 01:00:00,0
699,480.4665533542293,FL,2023-01-30 02:00:00,0
700,251.4419151279887,TX,2023-01-30 03:00:00,0
701,477.6687023859302,NY,2023-01-30 04:00:00,0
702,102.28577337741571,FL,2023-01-30 05:00:00,0
703,66.98874445846825,TX,2023-01-30 06:00:00,0
704,171.10565984939717,NY,2023-01-30 07:00:00,0
705,85.71590896215186,CA,2023-01-30 08:00:00,0
706,198.70681768978352,NY,2023-01-30 09:00:00,0
707,35.68940244063253,NY,2023-01-30 10:00:00,0
708,19.039868549978472,FL,2023-01-30 11:00:00,0
709,219.77125554198852,TX,2023-01-30 12:00:00,0
710,489.2683062563243,TX,2023-01-30 13:00:00,0
711,226.82541596035807,FL,2023-01-30 14:00:00,0
712,249.63664421364183,NY,2023-01-30 15:00:00,0
713,176.6727407921899,CA,2023-01-30 16:00:00,0
714,189.50109439457984,NY,2023-01-30 17:00:00,0
715,42.67071178461096,NY,2023-01-30 18:00:00,1
716,88.6020386405912,CA,2023-01-30 19:00:00,0
717,382.5948177597124,FL,2023-01-30 20:00:00,0
718,129.06477758675464,TX,2023-01-30 21:00:00,0
719,377.4519644784035,FL,2023-01-30 22:00:00,1
720,185.6398630568825,FL,2023-01-30 23:00:00,0
721,192.7098509398154,NY,2023-01-31 00:00:00,0
722,129.86026433926367,TX,2023-01-31 01:00:00,0
723,275.815652286691,TX,2023-01-31 02:00:00,0
724,323.1978467590632,FL,2023-01-31 03:00:00,0
725,84.39547637154101,CA,2023-01-31 04:00:00,1
726,47.109723905507394,FL,2023-01-31 05:00:00,0
727,24.240575702029894,CA,2023-01-31 06:00:00,0
728,241.22598502524238,TX,2023-01-31 07:00:00,0
729,222.0333848223432,FL,2023-01-31 08:00:00,0
730,740.1304238390857,NY,2023-01-31 09:00:00,0
731,177.4555648456041,FL,2023-01-31 10:00:00,0
732,154.22326508261804,TX,2023-01-31 11:00:00,0
733,203.6250020228679,NY,2023-01-31 12:00:00,0
734,211.74283575578397,NY,2023-01-31 13:00:00,0
735,145.08445830370704,CA,2023-01-31 14:00:00,0
736,86.90040978161373,NY,2023-01-31 15:00:00,0
737,170.3313752344857,NY,2023-01-31 16:00:00,0
738,165.4921789566196,FL,2023-01-31 17:00:00,0
739,163.45653350322812,TX,2023-01-31 18:00:00,1
740,296.1001478627298,CA,2023-01-31 19:00:00,0
741,168.0067598825457,FL,2023-01-31 20:00:00,1
742,48.196492877794924,NY,2023-01-31 21:00:00,0
743,99.71286434491947,NY,2023-01-31 22:00:00,0
744,143.67529931794272,CA,2023-01-31 23:00:00,0
745,174.08763588943316,TX,2023-02-01 00:00:00,0
746,244.82855504224727,CA,2023-02-01 01:00:00,0
747,175.12961174018992,FL,2023-02-01 02:00:00,0
748,19.600571583978347,CA,2023-02-01 03:00:00,0
749,54.195915011555705,NY,2023-02-01 04:00:00,0
750,256.73373858164274,FL,2023-02-01 05:00:00,0
751,140.60200886606665,NY,2023-02-01 06:00:00,0
752,186.605713321412,TX,2023-02-01 07:00:00,0
753,126.82673612752602,NY,2023-02-01 08:00:00,0
754,99.35667908520703,NY,2023-02-01 09:00:00,0
755,130.58820662191292,CA,2023-02-01 10:00:00,0
756,188.26802309868307,NY,2023-02-01 11:00:00,0
757,167.06021553325138,FL,2023-02-01 12:00:00,0
758,321.764921714745,FL,2023-02-01 13:00:00,0
759,39.07161918018157,TX,2023-02-01 14:00:00,0
760,45.15537640869747,FL,2023-02-01 15:00:00,0
761,139.30098473183108,CA,2023-02-01 16:00:00,0
762,246.79735956150003,TX,2023-02-01 17:00:00,0
763,285.1389011109828,FL,2023-02-01 18:00:00,0
764,102.76859246612146,CA,2023-02-01 19:00:00,0
765,6.04388272942458,FL,2023-02-01 20:00:00,0
766,105.62531319109236,FL,2023-02-01 21:00:00,0
767,222.53791028031048,NY,2023-02-01 22:00:00,0
768,164.69797639176628,FL,2023-02-01 23:00:00,0
769,253.19653584875974,FL,2023-02-02 00:00:00,0
770,373.7845439505507,CA,2023-02-02 01:00:00,0
771,147.02687773574652,CA,2023-02-02 02:00:00,0
772,115.73925361436737,NY,2023-02-02 03:00:00,0
773,76.54774486548787,FL,2023-02-02 04:00:00,0
774,44.88443460730651,NY,2023-02-02 05:00:00,0
775,33.09054276804043,FL,2023-02-02 06:00:00,0
776,94.35241746088307,TX,2023-02-02 07:00:00,0
777,340.1907186040669,TX,2023-02-02 08:00:00,0
778,270.39980721253875,NY,2023-02-02 09:00:00,0
779,111.27960328058577,NY,2023-02-02 10:00:00,0
780,629.1102951167047,NY,2023-02-02 11:00:00,0
781,100.06133838412777,CA,2023-02-02 12:00:00,0
782,397.53337378408224,CA,2023-02-02 13:00:00,0
783,460.4572675875464,CA,2023-02-02 14:00:00,0
784,233.3804882923843,NY,2023-02-02 15:00:00,0
785,93.5909211129412,FL,2023-02-02 16:00:00,0
786,123.81264414677948,TX,2023-02-02 17:00:00,1
787,191.66375612215137,NY,2023-02-02 18:00:00,0
788,46.23151963586022,CA,2023-02-02 19:00:00,0
789,70.06818994574141,CA,2023-02-02 20:00:00,0
790,64.7532685559026,NY,2023-02-02 21:00:00,0
791,245.99150784510883,NY,2023-02-02 22:00:00,0
792,371.3859043750958,CA,2023-02-02 23:00:00,0
793,277.7790746257515,FL,2023-02-03 00:00:00,0
794,331.1612310985135,CA,2023-02-03 01:00:00,0
795,86.81263156159774,CA,2023-02-03 02:00:00,0
796,128.38323223994828,NY,2023-02-03 03:00:00,0
797,136.3362277754456,FL,2023-02-03 04:00:00,0
798,232.72113633934052,CA,2023-02-03 05:00:00,0
799,96.62814764084999,CA,2023-02-03 06:00:00,0
800,317.43811600981604,TX,2023-02-03 07:00:00,0
801,452.10922585327484,NY,2023-02-03 08:00:00,0
802,241.20028776816343,TX,2023-02-03 09:00:00,0
803,123.85170401301795,TX,2023-02-03 10:00:00,1
804,80.10532711194988,CA,2023-02-03 11:00:00,0
805,64.89784970339979,NY,2023-02-03 12:00:00,0
806,19.88423610772796,FL,2023-02-03 13:00:00,0
807,139.7036458943724,CA,2023-02-03 14:00:00,0
808,133.4235583834395,FL,2023-02-03 15:00:00,0
809,304.26158559178543,FL,2023-02-03 16:00:00,0
810,102.15562672366127,NY,2023-02-03 17:00:00,0
811,146.00894417512666,TX,2023-02-03 18:00:00,0
812,205.87403020219836,NY,2023-02-03 19:00:00,0
813,238.4260129672568,FL,2023-02-03 20:00:00,0
814,280.6790563128858,CA,2023-02-03 21:00:00,0
815,191.14576067035648,FL,2023-02-03 22:00:00,0
816,49.04853143919197,CA,2023-02-03 23:00:00,0
817,223.77435337825355,CA,2023-02-04 00:00:00,0
818,95.92623709511827,NY,2023-02-04 01:00:00,0
819,383.087001885938,FL,2023-02-04 02:00:00,0
820,169.42792569360196,TX,2023-02-04 03:00:00,0
821,199.71987217638375,FL,2023-02-04 04:00:00,0
822,778.6890426519233,FL,2023-02-04 05:00:00,1
823,284.0666620563927,TX,2023-02-04 06:00:00,0
824,220.87559140101578,NY,2023-02-04 07:00:00,0
825,149.42346337903922,FL,2023-02-04 08:00:00,0
826,53.30928421299706,FL,2023-02-04 09:00:00,0
827,141.11203792588373,CA,2023-02-04 10:00:00,0
828,79.2126958121011,FL,2023-02-04 11:00:00,0
829,488.562507300951,TX,2023-02-04 12:00:00,0
830,222.98709707336482,CA,2023-02-04 13:00:00,0
831,373.7978124079204,NY,2023-02-04 14:00:00,0
832,99.68805311083668,CA,2023-02-04 15:00:00,0
833,84.48500080596726,TX,2023-02-04 16:00:00,0
834,265.14985705218714,TX,2023-02-04 17:00:00,0
835,76.34124414580978,CA,2023-02-04 18:00:00,0
836,116.32986338332749,NY,2023-02-04 19:00:00,0
837,503.80637320448807,CA,2023-02-04 20:00:00,0
838,120.21438542044453,NY,2023-02-04 21:00:00,0
839,42.429058964380005,CA,2023-02-04 22:00:00,0
840,27.033437165100533,TX,2023-02-04 23:00:00,0
841,37.105019257673334,FL,2023-02-05 00:00:00,0
842,388.5770739589803,FL,2023-02-05 01:00:00,0
843,105.09150343082672,NY,2023-02-05 02:00:00,0
844,763.1051586322978,NY,2023-02-05 03:00:00,0
845,455.5433298523212,NY,2023-02-05 04:00:00,0
846,582.960509768299,TX,2023-02-05 05:00:00,0
847,336.91036921119604,CA,2023-02-05 06:00:00,0
848,255.46131652591072,TX,2023-02-05 07:00:00,0
849,81.78121908135604,FL,2023-02-05 08:00:00,0
850,166.23140554335444,NY,2023-02-05 09:00:00,0
851,273.7039502313162,CA,2023-02-05 10:00:00,0
852,322.91744853412723,FL,2023-02-05 11:00:00,0
853,58.45441570210701,FL,2023-02-05 12:00:00,0
854,142.89463419619233,FL,2023-02-05 13:00:00,0
855,156.21888435640625,TX,2023-02-05 14:00:00,0
856,151.43803561336432,NY,2023-02-05 15:00:00,0
857,66.32788548519672,FL,2023-02-05 16:00:00,0
858,538.9030980042431,NY,2023-02-05 17:00:00,0
859,139.10420092430135,TX,2023-02-05 18:00:00,0
860,70.9539623858247,FL,2023-02-05 19:00:00,0
861,547.5571604715215,TX,2023-02-05 20:00:00,0
862,455.82947503753246,TX,2023-02-05 21:00:00,1
863,185.52465673210426,NY,2023-02-05 22:00:00,0
864,113.45089703650213,FL,2023-02-05 23:00:00,0
865,33.92605123708244,TX,2023-02-06 00:00:00,0
866,242.15366647029634,FL,2023-02-06 01:00:00,0
867,106.9206175138887,NY,2023-02-06 02:00:00,0
868,163.13968360481198,TX,2023-02-06 03:00:00,0
869,516.1285989656662,NY,2023-02-06 04:00:00,0
870,100.38351304605875,FL,2023-02-06 05:00:00,0
871,234.8056707217082,FL,2023-02-06 06:00:00,0
872,286.41967506647694,NY,2023-02-06 07:00:00,0
873,380.5406674149642,CA,2023-02-06 08:00:00,0
874,154.0683101346767,TX,2023-02-06 09:00:00,0
875,141.7310260031415,FL,2023-02-06 10:00:00,0
876,139.10479681863868,FL,2023-02-06 11:00:00,0
877,218.73416535044706,TX,2023-02-06 12:00:00,0
878,443.1841332033803,NY,2023-02-06 13:00:00,0
879,134.05785117288417,NY,2023-02-06 14:00:00,0
880,8.723404079002773,NY,2023-02-06 15:00:00,0
881,308.8297909820577,CA,2023-02-06 16:00:00,0
882,175.46558543855093,CA,2023-02-06 17:00:00,0
883,242.54125268990293,FL,2023-02-06 18:00:00,0
884,35.382989988373936,NY,2023-02-06 19:00:00,0
885,107.27132731632136,TX,2023-02-06 20:00:00,0
886,291.67184113174056,FL,2023-02-06 21:00:00,0
887,51.51884074971631,TX,2023-02-06 22:00:00,0
888,234.42553554980213,FL,2023-02-06 23:00:00,0
889,162.10758503858,CA,2023-02-07 00:00:00,0
890,88.68156108780595,FL,2023-02-07 01:00:00,0
891,82.42109603142204,CA,2023-02-07 02:00:00,0
892,66.9138843940476,FL,2023-02-07 03:00:00,0
893,174.75698770090054,NY,2023-02-07 04:00:00,0
894,190.49865273930686,TX,2023-02-07 05:00:00,0
895,123.63204755873222,NY,2023-02-07 06:00:00,0
896,63.03456754361088,FL,2023-02-07 07:00:00,0
897,229.61780533520772,FL,2023-02-07 08:00:00,0
898,312.719721762631,FL,2023-02-07 09:00:00,0
899,260.058477410576,CA,2023-02-07 10:00:00,0
900,598.3856054897126,TX,2023-02-07 11:00:00,0
901,144.15232254860598,TX,2023-02-07 12:00:00,0
902,414.62790241269676,FL,2023-02-07 13:00:00,0
903,96.40875972949705,FL,2023-02-07 14:00:00,0
904,83.31726571228333,CA,2023-02-07 15:00:00,0
905,183.01023236287867,NY,2023-02-07 16:00:00,0
906,476.70084479065434,NY,2023-02-07 17:00:00,0
907,131.76116613346147,TX,2023-02-07 18:00:00,0
908,35.35336708719724,CA,2023-02-07 19:00:00,0
909,308.64760356522794,FL,2023-02-07 20:00:00,1
910,156.8185291256818,TX,2023-02-07 21:00:00,0
911,208.28710898354944,CA,2023-02-07 22:00:00,0
912,87.23151996908135,NY,2023-02-07 23:00:00,0
913,181.72165593327568,CA,2023-02-08 00:00:00,0
914,41.40483905148243,NY,2023-02-08 01:00:00,0
915,544.3427811656852,CA,2023-02-08 02:00:00,0
916,348.5981739579558,TX,2023-02-08 03:00:00,0
917,175.58115074621213,NY,2023-02-08 04:00:00,0
918,302.77919209856356,TX,2023-02-08 05:00:00,0
919,96.62531100381486,TX,2023-02-08 06:00:00,0
920,338.1292204330235,NY,2023-02-08 07:00:00,0
921,127.07553493391927,NY,2023-02-08 08:00:00,0
922,119.79826531363898,FL,2023-02-08 09:00:00,1
923,71.26980241702124,FL,2023-02-08 10:00:00,0
924,227.55233691468808,FL,2023-02-08 11:00:00,0
925,169.81297857157685,TX,2023-02-08 12:00:00,0
926,423.5426034187414,TX,2023-02-08 13:00:00,0
927,63.69484232293201,FL,2023-02-08 14:00:00,1
928,228.30118646839205,TX,2023-02-08 15:00:00,0
929,371.7564592873115,TX,2023-02-08 16:00:00,0
930,193.04215214783787,NY,2023-02-08 17:00:00,0
931,125.10427036205967,NY,2023-02-08 18:00:00,0
932,189.37457064522826,TX,2023-02-08 19:00:00,0
933,401.19891459219093,FL,2023-02-08 20:00:00,0
934,401.08704979803457,CA,2023-02-08 21:00:00,0
935,151.88403607100193,FL,2023-02-08 22:00:00,0
936,396.440412264159,CA,2023-02-08 23:00:00,0
937,163.73180981929653,FL,2023-02-09 00:00:00,0
938,300.44914244543713,NY,2023-02-09 01:00:00,0
939,247.68244220457763,TX,2023-02-09 02:00:00,0
940,121.034231195186,TX,2023-02-09 03:00:00,0
941,73.69381238255636,NY,2023-02-09 04:00:00,0
942,378.35678033088857,CA,2023-02-09 05:00:00,0
943,450.3156111081247,CA,2023-02-09 06:00:00,0
944,224.41005611149453,CA,2023-02-09 07:00:00,1
945,163.5625009218635,NY,2023-02-09 08:00:00,0
946,56.088953459665845,CA,2023-02-09 09:00:00,0
947,371.8211123980046,NY,2023-02-09 10:00:00,0
948,205.97926314913383,FL,2023-02-09 11:00:00,0
949,135.42678217491834,FL,2023-02-09 12:00:00,0
950,306.35359092482366,NY,2023-02-09 13:00:00,0
951,46.29450842217815,TX,2023-02-09 14:00:00,0
952,68.00814418417616,FL,2023-02-09 15:00:00,0
953,93.58832007483463,CA,2023-02-09 16:00:00,0
954,242.20463530267367,NY,2023-02-09 17:00:00,0
955,190.94217717465943,CA,2023-02-09 18:00:00,0
956,262.77150421353826,CA,2023-02-09 19:00:00,0
957,354.89647397232426,TX,2023-02-09 20:00:00,0
958,269.44690461350234,CA,2023-02-09 21:00:00,0
959,551.9327049000129,TX,2023-02-09 22:00:00,0
960,354.33710871827617,FL,2023-02-09 23:00:00,0
961,151.6035745728904,NY,2023-02-10 00:00:00,0
962,106.66851615503283,CA,2023-02-10 01:00:00,0
963,155.24995054329625,NY,2023-02-10 02:00:00,0
964,276.05832441636164,CA,2023-02-10 03:00:00,0
965,116.53029214677812,NY,2023-02-10 04:00:00,0
966,281.39832761860964,CA,2023-02-10 05:00:00,0
967,259.4013602695539,CA,2023-02-10 06:00:00,0
968,72.72191185825905,CA,2023-02-10 07:00:00,0
969,349.8526048026806,CA,2023-02-10 08:00:00,0
970,218.7220649856919,CA,2023-02-10 09:00:00,0
971,534.4246049671113,CA,2023-02-10 10:00:00,0
972,164.17215601965037,CA,2023-02-10 11:00:00,0
973,130.51030878162518,CA,2023-02-10 12:00:00,0
974,64.28892495069756,CA,2023-02-10 13:00:00,0
975,63.32777942361506,NY,2023-02-10 14:00:00,0
976,321.91575958527613,TX,2023-02-10 15:00:00,0
977,499.4062706404126,CA,2023-02-10 16:00:00,0
978,153.54271608348603,TX,2023-02-10 17:00:00,0
979,145.8080979851464,CA,2023-02-10 18:00:00,0
980,175.87492511481182,CA,2023-02-10 19:00:00,0
981,366.1630228315182,NY,2023-02-10 20:00:00,0
982,73.32406566570508,FL,2023-02-10 21:00:00,0
983,199.37281867886713,FL,2023-02-10 22:00:00,0
984,326.9251489508964,NY,2023-02-10 23:00:00,0
985,240.08846041055594,TX,2023-02-11 00:00:00,0
986,4.591897610956338,FL,2023-02-11 01:00:00,0
987,270.39079645441734,NY,2023-02-11 02:00:00,0
988,241.75683289252578,NY,2023-02-11 03:00:00,0
989,414.3393005558765,FL,2023-02-11 04:00:00,0
990,473.4824603079005,TX,2023-02-11 05:00:00,0
991,400.577080571304,NY,2023-02-11 06:00:00,0
992,176.59601345861796,CA,2023-02-11 07:00:00,0
993,33.60263411832149,TX,2023-02-11 08:00:00,0
994,144.97548983788252,TX,2023-02-11 09:00:00,0
995,172.35932855064294,FL,2023-02-11 10:00:00,0
996,495.2421349203154,FL,2023-02-11 11:00:00,0
997,88.01532484233996,CA,2023-02-11 12:00:00,0
998,47.73581239615695,NY,2023-02-11 13:00:00,0
999,117.16034731138598,FL,2023-02-11 14:00:00,0
1000,92.30465612998067,FL,2023-02-11 15:00:00,0
